{"selectors":["{\"selector\":\".vc_raw_html\",\"tasks\":[[\"has-text\",\"Html code\"]]}","{\"selector\":\".modal-open\",\"action\":[\"style\",\"overflow: visible\"],\"cssable\":true}","{\"selector\":\".td-block-title-wrap > h4 > span\",\"tasks\":[[\"has-text\",\"REKLAMA\"]]}","{\"selector\":\".location-choose.open > wrapper\",\"action\":[\"style\",\"visibility:hidden;\"],\"cssable\":true}","{\"selector\":\".td_block_template_1\",\"tasks\":[[\"has-text\",\"- Advertisement -\"]]}","{\"selector\":\".widget\",\"tasks\":[[\"has-text\",\"REKLAMA\"]]}","{\"selector\":\"div.col-8\",\"action\":[\"style\",\"width: 100% !important\"],\"cssable\":true}"],"selectorLists":["0","1","2","3","4","5","6"],"selectorListRefs":[5,2,3,0,4,6,1],"hostnames":["konica.al","shkoder.net","cineplexx.al","kohajone.com","mediaworld.al","www.filma24.*","bankofalbania.org"],"hasEntities":true}