{"selectors":["{\"selector\":\"#mvp-site-main\",\"action\":[\"style\",\"margin-top: 0px !important;\"],\"cssable\":true}","{\"selector\":\"body\",\"action\":[\"style\",\"background-image: none !important;\"],\"cssable\":true}","{\"selector\":\"#LRGR\",\"action\":[\"style\",\"background: none !important;\"],\"cssable\":true}","{\"selector\":\".article-fullcontent > div\",\"tasks\":[[\"has-text\",\"ADVERTISEMENT\"]]}","{\"selector\":\".elementor-widget\",\"tasks\":[[\"has-text\",\"Διαφήμιση\"]]}","{\"selector\":\"#sp-component\",\"action\":[\"style\",\"width: 100% !important;\"],\"cssable\":true}","{\"selector\":\".left-col\",\"tasks\":[[\"has\",{\"selector\":\"h3\",\"tasks\":[[\"has-text\",\"Advertise\"]]}]]}","{\"selector\":\"#hp-readmore-cross-article .article\",\"tasks\":[[\"has\",{\"selector\":\".byline_date\",\"tasks\":[[\"has-text\",\"ADVERTORIAL\"]]}]]}","{\"selector\":\"#primary\",\"action\":[\"style\",\"margin: 0 auto !important;\"],\"cssable\":true}"],"selectorLists":["0","1","2","3","4","5","6","7","8"],"selectorListRefs":[6,7,1,2,3,5,8,0,4],"hostnames":["sexgr.net","sport24.gr","kozanilife.gr","lamiareport.gr","moneyonline.gr","serraikanea.gr","start2click.com","kalamatatimes.gr","parentsgo.kidsgo.com.cy"],"hasEntities":false}