{"selectors":["{\"selector\":\"button\",\"tasks\":[[\"has\",{\"selector\":\"> div > div > div > span\",\"tasks\":[[\"has-text\",\"ממומן\"]]}]]}","{\"selector\":\"div\",\"tasks\":[[\"has\",{\"selector\":\"> div > div > div > div > div > p\",\"tasks\":[[\"has-text\",\"ממומן\"]]}]]}","{\"selector\":\"script\",\"tasks\":[[\"has-text\",\"responseText\"]]}","{\"selector\":\"script\",\"tasks\":[[\"has-text\",\"(window)}catch\"]]}","{\"selector\":\"script\",\"tasks\":[[\"has-text\",\"200===\"]]}","{\"selector\":\"html\",\"action\":[\"style\",\"height: auto !important; overflow: auto !important\"],\"cssable\":true}","{\"selector\":\"span:has([href*=\\\"promo\\\"])\",\"tasks\":[[\"xpath\",\"..\"]]}","{\"selector\":\"script\",\"tasks\":[[\"has-text\",\"admiral\"]]}","{\"selector\":\"body\",\"action\":[\"style\",\"overflow: auto !important;\"],\"cssable\":true}","{\"selector\":\"div[aria-label*=\\\"המחלקה המסחרית\\\"]\",\"tasks\":[[\"upward\",5]]}","{\"selector\":\"iframe[title*=\\\"Banner\\\"]\",\"tasks\":[[\"upward\",4]]}","{\"selector\":\"#rb-checktag\",\"action\":[\"remove\",\"\"]}"],"selectorLists":["0,1","2,3,4","-3,-4","5,6","7","8","10,9","11"],"selectorListRefs":[0,5,1,1,7,4,3,6,2,3],"hostnames":["wolt.com","bhol.co.il","sheee.co.il","walla.co.il","hwzone.co.il","morfix.co.il","haaretz.co.il","www.kikar.co.il","mail.walla.co.il","www-haaretz-co-il.eu1.proxy.openathens.net"],"hasEntities":false}