{"selectors":["{\"selector\":\".rightColumn\",\"action\":[\"style\",\"margin-top: 10px !important\"],\"cssable\":true}","{\"selector\":\".container-newsfeed + section .o-grid__col:not(.u-size-onethird-medium):not([data-ga-action=\\\"1\\\"])\",\"action\":[\"style\",\"height: 200px !important\"],\"cssable\":true}","{\"selector\":\".wpb_wrapper\",\"tasks\":[[\"has-text\",\"/^An{2}onse:.*$/\"]]}","{\"selector\":\".lenkeboks\",\"tasks\":[[\"has-text\",\"/^.*Cas\\\\ino.*$/i\"]]}","{\"selector\":\"#wrapper > #leaderboard > div\",\"action\":[\"style\",\"display: block !important\"],\"cssable\":true}","{\"selector\":\".background-ad\",\"action\":[\"style\",\"min-height: 0 !important\"],\"cssable\":true}","{\"selector\":\"body[style^=\\\"padding\\\"]\",\"action\":[\"style\",\"padding-top: 80px !important\"],\"cssable\":true}","{\"selector\":\".product-list-row .description\",\"action\":[\"style\",\"position: static !important; word-break: break-word !important\"],\"cssable\":true}","{\"selector\":\"article\",\"tasks\":[[\"has\",{\"selector\":\".title\",\"tasks\":[[\"has-text\",\"/^.*[?:;—]\\\\san{2}ons[eø]r?$/\"]]}]]}","{\"selector\":\".widget_media_image\",\"tasks\":[[\"has-text\",\"/^AN{2}ONSE.*$/\"]]}","{\"selector\":\"div\",\"tasks\":[[\"has\",{\"selector\":\"> div.disclosure-text\",\"tasks\":[[\"has-text\",\"Artiklen fortsætter efter annoncen\"]]}]]}","{\"selector\":\"main > section > section\",\"tasks\":[[\"has-text\",\"/^an{2}onse$/\"]]}","{\"selector\":\"#whitetop\",\"action\":[\"style\",\"margin-top: 0px !important\"],\"cssable\":true}","{\"selector\":\"div.large-12.row\",\"tasks\":[[\"has-text\",\"MASCUS\"]]}","{\"selector\":\"div[style^=\\\"font-size\\\"]\",\"tasks\":[[\"has-text\",\"/^An{2}onse:.*$/\"]]}","{\"selector\":\".item\",\"tasks\":[[\"has\",{\"selector\":\".meta\",\"tasks\":[[\"has-text\",\"/^An{2}onse$/\"]]}]]}","{\"selector\":\"article ~ div\",\"tasks\":[[\"has-text\",\"/^A[n|ĳ]n\\\\ons/i\"]]}","{\"selector\":\".n_ListHeader\",\"action\":[\"style\",\"margin-top: 5px !important\"],\"cssable\":true}","{\"selector\":\".et_section_regular\",\"tasks\":[[\"has-text\",\"/^.*cas\\\\ino.*$/i\"]]}","{\"selector\":\".preview\",\"tasks\":[[\"has\",{\"selector\":\".kicker\",\"tasks\":[[\"has-text\",\"/^.*an{2}onse.*$/i\"]]}]]}","{\"selector\":\"div\",\"tasks\":[[\"has\",{\"selector\":\"> span\",\"tasks\":[[\"has-text\",\"Annonse\"]]}]]}","{\"selector\":\".mvp-widget-home\",\"tasks\":[[\"has-text\",\"/^Velun{2}arar.*$/\"]]}","{\"selector\":\".entrance\",\"tasks\":[[\"has\",{\"selector\":\".entrance__mark__text\",\"tasks\":[[\"has-text\",\"Annonse:\"]]}]]}","{\"selector\":\"section[hidden] + section\",\"action\":[\"style\",\"column-count: 3 !important; width: 100% !important\"],\"cssable\":true}","{\"selector\":\"section.elementor-top-section\",\"tasks\":[[\"has-text\",\"/^.*\\\\s\\\\sAnnoncer?\\\\s\\\\s.*$/i\"],[\"spath\",\" + section.elementor-top-section:has(.elementor-image > [loading=\\\"lazy\\\"])\"]]}","{\"selector\":\"section.elementor-top-section\",\"tasks\":[[\"has-text\",\"/^.*\\\\s\\\\sAnnoncer?\\\\s\\\\s.*$/i\"],[\"spath\",\":has(+ section.elementor-top-section .elementor-image > [loading=\\\"lazy\\\"])\"]]}","{\"selector\":\".elementor-widget-text-editor\",\"tasks\":[[\"has-text\",\"/^.*\\\\s\\\\sANNONCER\\\\s\\\\s.*$/\"]]}","{\"selector\":\"main\",\"action\":[\"style\",\"min-height: unset !important\"],\"cssable\":true}","{\"selector\":\"article\",\"tasks\":[[\"has\",{\"selector\":\".title\",\"tasks\":[[\"has-text\",\" – annonse\"]]}]]}","{\"selector\":\".custom-background\",\"action\":[\"style\",\"background-image: none !important\"],\"cssable\":true}","{\"selector\":\".fl-visible-desktop-medium\",\"tasks\":[[\"has\",{\"selector\":\"div[class^=\\\"ann-forside\\\"]\",\"tasks\":[[\"has-text\",\"/^.*An{2}onse:.*$/\"]]}]]}","{\"selector\":\".widget\",\"tasks\":[[\"has-text\",\"Play-Asia\"]]}","{\"selector\":\"#ad-top-banner-placeholder\",\"action\":[\"style\",\"min-height: 0px !important\"],\"cssable\":true}","{\"selector\":\".article-content\",\"action\":[\"style\",\"padding:0\"],\"cssable\":true}","{\"selector\":\".container-newsfeed + section .c-teaser__image\",\"action\":[\"style\",\"max-height: none !important\"],\"cssable\":true}","{\"selector\":\".page-container\",\"action\":[\"style\",\"margin-top: 0 !important\"],\"cssable\":true}","{\"selector\":\"body[class*=\\\"addemam\\\"] > #navbar\",\"action\":[\"style\",\"padding-bottom:0!important\"],\"cssable\":true}","{\"selector\":\"body[class*=\\\"addemam\\\"] > h1#title\",\"action\":[\"style\",\"padding-bottom:0!important\"],\"cssable\":true}","{\"selector\":\"body[class*=\\\"addemam\\\"] > #navbar > #print\",\"action\":[\"style\",\"padding-bottom:0!important\"],\"cssable\":true}","{\"selector\":\".g-10\",\"tasks\":[[\"has-text\",\"Artikkelen fortsetter \"]]}","{\"selector\":\".list-group\",\"tasks\":[[\"has-text\",\"/^.*cas\\\\ino.*$/i\"]]}","{\"selector\":\"section > section:first-of-type + section:last-of-type:has([class*=\\\"  \\\"])\",\"action\":[\"style\",\"width: 100% !important; max-width: 675px !important\"],\"cssable\":true}","{\"selector\":\".bottomSmallSpaced.topMediumSpaced\",\"tasks\":[[\"has-text\",\"/^An{2}onse.*$/\"]]}","{\"selector\":\"strong\",\"tasks\":[[\"has-text\",\"/^.*Cas\\\\ino.*$/i\"]]}","{\"selector\":\"a\",\"tasks\":[[\"has-text\",\"/^.*[kc]as\\\\ino.*$/i\"]]}","{\"selector\":\".container\",\"action\":[\"style\",\"margin-top: 0 !important\"],\"cssable\":true}","{\"selector\":\".latestnews-box\",\"tasks\":[[\"has-text\",\"/^.*cas\\\\ino.*$/i\"]]}","{\"selector\":\"div[class^=\\\"css\\\"]\",\"tasks\":[[\"matches-css-before\",{\"name\":\"content\",\"pseudo\":\"before\",\"value\":\"^\\\"Annonse\\\"$\"}]]}","{\"selector\":\".auto_expandable\",\"action\":[\"style\",\"margin-top: 21px !important\"],\"cssable\":true}","{\"selector\":\".blog-post\",\"tasks\":[[\"has-text\",\"/^.*cas\\\\ino.*$/i\"]]}","{\"selector\":\".one-half\",\"tasks\":[[\"has-text\",\"/^.*[kc]as\\\\ino.*$/i\"]]}","{\"selector\":\"section[class^=\\\"GreatCanvas__smallArticles-\\\"]\",\"action\":[\"style\",\"width: 100% !important\"],\"cssable\":true}","{\"selector\":\"p:has(~ .wp-block-buttons [data-lasso-name])\",\"tasks\":[[\"has-text\",\"/^Annonse$/\"]]}","{\"selector\":\".wrapper\",\"action\":[\"style\",\"margin-top: 0 !important\"],\"cssable\":true}","{\"selector\":\".site-wrapper[data-state=\\\"panorama\\\"]\",\"action\":[\"style\",\"padding-top: 70px !important\"],\"cssable\":true}","{\"selector\":\".color-scheme-1\",\"tasks\":[[\"has-text\",\"/^.*Cas\\\\ino.*$/i\"]]}","{\"selector\":\"tr\",\"tasks\":[[\"has\",{\"selector\":\"td\",\"tasks\":[[\"has-text\",\"Annonse:\"]]}]]}","{\"selector\":\"div.padded--no-bottom.padded--less.padded.limit\",\"action\":[\"style\",\"padding-top: 5px !important\"],\"cssable\":true}","{\"selector\":\"div\",\"tasks\":[[\"matches-css\",{\"name\":\"min-height\",\"value\":\"^165px$\"}]]}","{\"selector\":\".td-c-loop-item\",\"tasks\":[[\"has\",{\"selector\":\".meta-info\",\"tasks\":[[\"has-text\",\"Annonse\"]]}]]}","{\"selector\":\".main-header\",\"action\":[\"style\",\"margin-top: 0 !important\"],\"cssable\":true}","{\"selector\":\".panel-latest-forum-threads\",\"tasks\":[[\"has-text\",\" sponsor\"]]}","{\"selector\":\"footer\",\"action\":[\"style\",\"margin: 0 !important\"],\"cssable\":true}","{\"selector\":\"a\",\"tasks\":[[\"has\",{\"selector\":\".e-con-inner:not(:has(> *))\"}]]}","{\"selector\":\".widget-goodpress-home-block-one\",\"tasks\":[[\"has-text\",\"Annonsørinnhold\"]]}","{\"selector\":\"div.clearfix.col-full-width\",\"tasks\":[[\"has-text\",\"kommersielle partner\"]]}","{\"selector\":\".t3-header\",\"action\":[\"style\",\"margin-top: 0px !important\"],\"cssable\":true}","{\"selector\":\"#content\",\"action\":[\"style\",\"margin-left: 0 !important\"],\"cssable\":true}","{\"selector\":\".textwidget\",\"tasks\":[[\"has-text\",\"Annonse\"]]}","{\"selector\":\".elementor-widget-wrap > .elementor-section\",\"tasks\":[[\"has-text\",\"REKLAMER\"]]}","{\"selector\":\".td-pb-span4\",\"tasks\":[[\"has-text\",\"ANNONSØRINNHOLD\"]]}","{\"selector\":\".modal-container.open\",\"action\":[\"style\",\"padding-top: unset !important\"],\"cssable\":true}","{\"selector\":\".color-scheme-1\",\"tasks\":[[\"has-text\",\"/^.*Cas\\\\ino.*$/i\"],[\"spath\",\" + div\"]]}","{\"selector\":\"article > div\",\"tasks\":[[\"has-text\",\"/^an{2}onse$/\"]]}","{\"selector\":\".article\",\"action\":[\"style\",\"padding-bottom: 10px !important\"],\"cssable\":true}","{\"selector\":\"#topbanner\",\"action\":[\"style\",\"height: 1px !important\"],\"cssable\":true}","{\"selector\":\"#googlead-toppbanner\",\"action\":[\"style\",\"min-height: 0 !important\"],\"cssable\":true}","{\"selector\":\"main > div > div\",\"tasks\":[[\"has-text\",\"kommersielle partner\"]]}","{\"selector\":\".widget-title\",\"tasks\":[[\"has-text\",\"Annonser\"]]}","{\"selector\":\".padded.limit--tight.limit\",\"action\":[\"style\",\"padding-top: 15px !important\"],\"cssable\":true}","{\"selector\":\"section\",\"tasks\":[[\"has\",{\"selector\":\"> div > div\",\"tasks\":[[\"has-text\",\"/^an{2}onse$/\"]]}]]}","{\"selector\":\"h2\",\"tasks\":[[\"has-text\",\"/^.*cas\\\\ino.*$/i\"]]}","{\"selector\":\"#content\",\"action\":[\"style\",\"margin-top: 0px !important\"],\"cssable\":true}","{\"selector\":\".widget\",\"tasks\":[[\"has-text\",\"Reklame\"]]}","{\"selector\":\".col-md-3 .block\",\"tasks\":[[\"has-text\",\"ponsor\"]]}","{\"selector\":\"p\",\"tasks\":[[\"has-text\",\"/^Annonse$/i\"],[\"spath\",\":has(+ h3 > a[data-lasso-id])\"]]}","{\"selector\":\"#header\",\"action\":[\"style\",\"height:unset!important\"],\"cssable\":true}","{\"selector\":\"p\",\"tasks\":[[\"has-text\",\"/^.*cas\\\\ino.*$/i\"]]}","{\"selector\":\"[data-cy=\\\"video-page-horisontal\\\"] > div\",\"tasks\":[[\"has-text\",\"Annonse\"]]}","{\"selector\":\"h2\",\"tasks\":[[\"has\",{\"selector\":\"+ p\",\"tasks\":[[\"has-text\",\"/^.*cas\\\\ino.*$/i\"]]}]]}","{\"selector\":\".content-marketing-ribbon\",\"action\":[\"style\",\"margin-top: 20px !important\"],\"cssable\":true}","{\"selector\":\".article-container > .row > .col-12.col-xl-8\",\"action\":[\"style\",\"width: 98.1% !important; max-width: none !important; flex: none !important\"],\"cssable\":true}","{\"selector\":\"p\",\"tasks\":[[\"has-text\",\"/^\\\\xA0$/\"]]}","{\"selector\":\"td\",\"tasks\":[[\"has-text\",\"/^\\\\xA0$/\"],[\"not\",{\"selector\":\"\",\"tasks\":[[\"has-text\",\"/^.*\\\\s.*$/\"]]}],[\"spath\",\":not(:has(img))\"]]}","{\"selector\":\"tr\",\"tasks\":[[\"has-text\",\"/^\\\\xA0$/\"],[\"not\",{\"selector\":\"\",\"tasks\":[[\"has-text\",\"/^.*\\\\s.*$/\"]]}],[\"spath\",\":not(:has(img))\"]]}","{\"selector\":\"p\",\"tasks\":[[\"has-text\",\"/^\\\\xA0$/\"],[\"not\",{\"selector\":\"\",\"tasks\":[[\"has-text\",\"/^.*\\\\s.*$/\"]]}],[\"spath\",\":not(:has(img))\"]]}","{\"selector\":\"html.height-calculated.nyheter[lang^=\\\"n\\\"] .article-footer\",\"action\":[\"style\",\"margin:0!important\"],\"cssable\":true}","{\"selector\":\"html.height-calculated.nyheter[lang^=\\\"n\\\"] .time\",\"action\":[\"style\",\"margin-bottom:0!important;padding-bottom:0!important;margin-top:0!important\"],\"cssable\":true}","{\"selector\":\".title > h1.tittel\",\"action\":[\"style\",\"padding-top:0!important\"],\"cssable\":true}","{\"selector\":\".td-main-content-wrap\",\"action\":[\"style\",\"padding-top:0!important\"],\"cssable\":true}","{\"selector\":\".article-top header\",\"action\":[\"style\",\"padding-top:0!important;margin:0!important\"],\"cssable\":true}","{\"selector\":\":is(.container--break, .content-extra__recommended-news)\",\"action\":[\"style\",\"padding:0!important;margin:0!important\"],\"cssable\":true}","{\"selector\":\".tag-page\",\"action\":[\"style\",\"margin:0!important;padding:0!important\"],\"cssable\":true}","{\"selector\":\"iframe + div[style*=\\\"height: 80vh\\\"]\",\"action\":[\"style\",\"height: unset !important\"],\"cssable\":true}","{\"selector\":\".paywall-box\",\"action\":[\"style\",\"margin-top: 0 !important\"],\"cssable\":true}","{\"selector\":\".promotion\",\"action\":[\"style\",\"top: 0 !important\"],\"cssable\":true}","{\"selector\":\".paywall\",\"action\":[\"style\",\"top: 0 !important\"],\"cssable\":true}","{\"selector\":\".faded-content\",\"action\":[\"style\",\"max-height: none !important\"],\"cssable\":true}","{\"selector\":\".paywall-wrapper\",\"action\":[\"style\",\"top: unset !important\"],\"cssable\":true}","{\"selector\":\"#paywall\",\"action\":[\"style\",\"margin-top:0!important\"],\"cssable\":true}","{\"selector\":\"amedia-include[src*=\\\"/incentive/\\\"]\",\"action\":[\"style\",\"border: 10px !important; border-color: #CD5C5C !important; border-style: solid !important\"],\"cssable\":true}","{\"selector\":\"amedia-incentive\",\"action\":[\"style\",\"top: 1600px !important\"],\"cssable\":true}","{\"selector\":\".aid-background-blur\",\"action\":[\"style\",\"filter: none !important\"],\"cssable\":true}","{\"selector\":\"#aid-overlay\",\"action\":[\"style\",\"background: none !important; height: 0px !important; min-height: unset !important\"],\"cssable\":true}","{\"selector\":\".article-text-preview\",\"action\":[\"style\",\"-webkit-text-fill-color: black !important\"],\"cssable\":true}","{\"selector\":\"body\",\"action\":[\"style\",\"overflow: auto !important\"],\"cssable\":true}","{\"selector\":\".paywall-fade-out\",\"action\":[\"style\",\"overflow-y: unset !important\"],\"cssable\":true}","{\"selector\":\".paywall-login\",\"action\":[\"style\",\"margin-top: 30px !important\"],\"cssable\":true}","{\"selector\":\".teaser\",\"action\":[\"style\",\"mask-image: none !important\"],\"cssable\":true}","{\"selector\":\".front optimus-element\",\"tasks\":[[\"has-text\",\"Eurojackpot\"]]}","{\"selector\":\"article[data-lp-section=\\\"sportspill\\\"]:has(.slotHeader)\",\"tasks\":[[\"has-text\",\"/^.*lot{2}o.*$/i\"]]}","{\"selector\":\".widget\",\"tasks\":[[\"has-text\",\"Annonse\"]]}","{\"selector\":\"amedia-frontpage > .optimus-complex-front\",\"tasks\":[[\"has\",{\"selector\":\"> header > h2\",\"tasks\":[[\"has-text\",\"/Reklame|REKLAME.*$/\"]]}]]}","{\"selector\":\"div > .section\",\"tasks\":[[\"has\",{\"selector\":\"> div[class*=\\\"-label\\\"]\",\"tasks\":[[\"has-text\",\"Sponsored\"]]}]]}"],"selectorLists":["0","1,34","14,2","3","4","5","6","7","15,28,52,59,8,85","9","10","11,23,27,41,51,58,65,73,77,80","12,17","13","16,62","18","19,88","20","21","22","24,25","26","29","30","31,83","32","33","35","36,37,38","39","40","42","43","44","45,60","46","47,88","48","49","50","53","54,71","55,72","56","57,79","61","63","64","66","67","68,78","69","70,99","74","75","76","81,87","82","84","86","87","87,89","88","100,88,90","91","92","93,94","95","102,96,97","98","101","103","104,109","105","106","107","108","110,111,112,113","110,111,112,113,119,120,122","112","114","115","116,117","118","119,120,122","121","123"],"selectorListRefs":[68,77,77,77,64,55,77,62,77,73,4,42,77,77,12,77,77,77,77,77,77,14,62,29,79,65,0,77,31,75,10,77,65,34,77,77,62,11,77,14,77,77,27,77,19,77,83,32,77,77,10,63,77,38,13,28,28,52,44,74,71,45,77,77,30,57,77,77,77,48,23,77,16,83,61,77,77,77,43,67,77,77,77,8,83,65,65,77,77,77,86,86,77,10,66,36,7,69,77,77,77,50,77,9,22,22,1,76,6,77,58,77,5,49,78,59,56,81,60,47,75,77,77,77,70,39,77,26,77,77,77,61,77,77,46,77,21,72,77,75,41,41,37,77,54,75,80,77,61,53,5,77,77,77,85,83,77,77,77,35,77,25,24,77,83,61,77,65,83,77,17,77,10,2,60,77,18,81,3,40,15,82,77,51,38,33,47,0,62,77,20,77,36,84],"hostnames":["no","an.no","ao.no","ba.no","bt.dk","dn.no","dt.no","kk.no","kv.no","mm.dk","mx.dk","ni.dk","oa.no","op.no","qxl.*","rb.no","sa.no","sb.no","ta.no","tb.no","tk.no","tu.no","vi.no","730.no","alt.no","bir.no","e24.no","f-b.no","glr.no","h-a.no","ing.dk","jbl.no","knr.gl","mbl.is","r-a.no","rha.no","sol.no","tek.no","amta.no","digi.no","helg.no","nt24.no","vgtv.no","firda.no","gamer.no","indre.no","jeger.no","jumpb.dk","oblad.no","oyene.no","radar.dk","seher.no","telen.no","thura.dk","tungt.no","ugenr.dk","ukenr.no","utrop.no","visir.is","borsen.dk","feltet.dk","gaming.dk","gbnett.no","h-avis.no","kendte.dk","kondis.no","noblad.no","rablad.no","retten.no","samler.no","united.no","aasavis.no","elbil24.no","friflyt.no","nemsvar.nu","nidaros.no","nordlys.no","auraavis.no","bilnorge.no","check-in.dk","fremover.no","hadeland.no","iharstad.no","itavisen.no","landevei.no","medier24.no","nutiminn.is","ranablad.no","ringblad.no","sognavis.no","thelocal.dk","thelocal.no","varingen.no","version2.dk","yrkesbil.no","dagbladet.no","edbpriser.dk","fagbladet.no","glomdalen.no","ha-halden.no","moss-avis.no","pengenytt.no","sandeavis.no","tunnelsyn.no","tvkampen.com","tvsporten.dk","abcnyheter.no","berlingske.dk","byggebolig.no","finnmarken.no","ipmsnorge.org","lierposten.no","lydogbilde.no","nakenprat.com","nettavisen.no","norskebank.no","padleguide.dk","playpilot.com","polarmedia.dk","ranaposten.no","ringsakern.no","smaalenene.no","solabladet.no","strandbuen.no","sykepleien.no","teknologia.no","vestbyavis.no","aftenbladet.no","avisenagder.no","bygdebladet.no","bygdeposten.no","dreampapers.dk","eikerbladet.no","enebakkavis.no","eyjafrettir.is","firdaposten.no","fiskerforum.dk","information.dk","lofotposten.no","lokal-avisa.no","mytastednk.com","mytastenor.com","skagensavis.dk","solungavisa.no","spanienidag.es","stangeavisa.no","canariavisen.no","gjengangeren.no","iphoneluppen.dk","journalisten.dk","lydogbillede.dk","lyngdalsavis.no","nordhordland.no","ostlendingen.no","politainment.no","utemagasinet.no","austagderblad.no","jarlsbergavis.no","kvinnheringen.no","leinstrand-il.no","merakerposten.no","no.afterdawn.com","retrospilling.no","sandnesposten.no","terrengsykkel.no","anettelyskjaer.dk","dalane-tidende.no","icelandreview.com","norsk-klatring.no","ringsaker-blad.no","sorlandsavisen.no","svelviksposten.no","techmanagement.dk","arendalstidende.no","cuben-linedance.dk","finnmarkdagblad.no","veitingageirinn.is","www.aftenposten.no","butikkoversikten.no","esportsmagasinet.dk","fodboldspilleren.dk","kommunal-rapport.no","laagendalsposten.no","lystfiskerguiden.dk","margit-henriksen.dk","gunnarandreassen.com","xn--bodposten-n8a.no","e24-no.translate.goog","sol-no.translate.goog","tvedestrandsposten.no","baeredygtigtfiskeri.dk","hardanger-folkeblad.no","www-dagbladet-no.translate.goog","www-nettavisen-no.translate.goog"],"hasEntities":true}