{"selectors":["{\"selector\":\"#nm-300x300-fb\",\"action\":[\"style\",\"min-height: 30px !important\"],\"cssable\":true}","{\"selector\":\"#nm-980x400-fb\",\"action\":[\"style\",\"min-height: unset !important\"],\"cssable\":true}","{\"selector\":\"\",\"action\":[\"style\",\"margin: -10px auto !important\"],\"tasks\":[[\"not\",{\"selector\":\"\",\"tasks\":[[\"matches-path\",\"/^/$/\"]]}],[\"spath\",\" .header\"],[\"not\",{\"selector\":\"\",\"tasks\":[[\"matches-media\",\"(min-width: 750px)\"]]}],[\"spath\",\" + div[class] + div[class] .mobile-top-ad\"]]}","{\"selector\":\"#ad-top-banner-placeholder\",\"action\":[\"style\",\"min-height: 0px !important\"],\"cssable\":true}","{\"selector\":\"#papperet\",\"action\":[\"style\",\"max-width: none !important; width: max-content !important\"],\"cssable\":true}","{\"selector\":\".SearchResultList__Row--advertisement, .Profile__TopCard--advertisement, .SearchResultList--advertisement\",\"action\":[\"style\",\"width: 100% !important; min-height: unset !important; margin-right: unset !important; float: unset !important;\"],\"cssable\":true}","{\"selector\":\"#layout-left.with-right-side\",\"action\":[\"style\",\"width: 100% !important\"],\"cssable\":true}","{\"selector\":\".section-wrapper > .has-ad-right\",\"action\":[\"style\",\"width: 100% !important\"],\"tasks\":[[\"has\",{\"selector\":\"+ .section--ad\",\"tasks\":[[\"matches-css\",{\"name\":\"display\",\"value\":\"^none$\"}]]}]]}","{\"selector\":\".section--ad__parade\",\"action\":[\"style\",\"margin: 20px !important\"],\"cssable\":true}","{\"selector\":\".m-managedListing__row.-ctx-index:has(.-commercial) > .m-managedListing__column.-ctx-index\",\"action\":[\"remove-attr\",\"sizes\"],\"tasks\":[[\"matches-css\",{\"name\":\"display\",\"value\":\"^flex$\"}],[\"spath\",\" img[sizes]\"]]}","{\"selector\":\".mdc-layout-grid__cell:has(+ .sidebar__column-container)\",\"action\":[\"style\",\"grid-column: 3 / span 8 !important\"],\"cssable\":true}","{\"selector\":\".mdc-layout-grid__cell:has(+ .sidebar__column-container) img[sizes]\",\"action\":[\"remove-attr\",\"sizes\"]}","{\"selector\":\".double-column > a[href]\",\"action\":[\"remove\",\"\"],\"tasks\":[[\"has\",{\"selector\":\".article-container\",\"tasks\":[[\"has-text\",\"Kaupallinen yhteistyö\"]]}]]}","{\"selector\":\"article.post\",\"action\":[\"style\",\"height: 1px !important; width: 1px !important; margin-right: 0px !important\"],\"tasks\":[[\"has-text\",\"Kaupallinen yhteistyö\"]]}","{\"selector\":\"article.post\",\"tasks\":[[\"has-text\",\"Kaupallinen yhteistyö\"]]}","{\"selector\":\"body.home #section-0 article:nth-child(1), body.category #om_commercialpostlisting-1 article:nth-child(1)\",\"action\":[\"style\",\"margin-bottom: unset !important;\"],\"cssable\":true}","{\"selector\":\".article-card-grid li:has(div[id^=\\\"dfp__\\\"]:not([id^=\\\"dfp__desk-1_1\\\"]))\",\"action\":[\"remove\",\"\"]}","{\"selector\":\"#headermob\",\"action\":[\"style\",\"position: static !important\"],\"cssable\":true}","{\"selector\":\"#show_merkki\",\"action\":[\"style\",\"margin-top: 2em !important\"],\"cssable\":true}","{\"selector\":\".mainbody.extended\",\"action\":[\"style\",\"margin-top: 2em !important\"],\"cssable\":true}","{\"selector\":\".featured-row-small\",\"action\":[\"style\",\"background-color: white !important\"],\"cssable\":true}","{\"selector\":\".widget_adrotate_widgets\",\"action\":[\"remove\",\"\"]}","{\"selector\":\".wpb_column.vc_column_container.td-pb-span8:has(a[onclick*=\\\"banner\\\"])\",\"action\":[\"remove\",\"\"]}","{\"selector\":\".container.site-container.hasTopBanner\",\"action\":[\"style\",\"top: 5px !important\"],\"cssable\":true}","{\"selector\":\".site-container-fullwidth\",\"action\":[\"style\",\"background-image: none !important\"],\"cssable\":true}","{\"selector\":\".index-wrap\",\"action\":[\"style\",\"left: 0px !important\"],\"cssable\":true}","{\"selector\":\".jwplayer.column:has(.jw-video[src=\\\"https://seiska.b-cdn.net/Mainos.mp4\\\"])\",\"action\":[\"remove\",\"\"]}","{\"selector\":\"section hr\",\"tasks\":[[\"matches-css-before\",{\"name\":\"content\",\"pseudo\":\"before\",\"value\":\"Mainos |Mainoksen \"}],[\"upward\",1]]}","{\"selector\":\"#tik_fixed.with-ebanner\",\"action\":[\"style\",\"top: 0 !important\"],\"cssable\":true}","{\"selector\":\"[data-gtm-label=\\\"threadGridView\\\"]\",\"action\":[\"style\",\"display:grid!important;grid-template-columns:minmax(0,1fr)!important;grid-auto-flow:row!important;column-gap:0!important;row-gap:16px!important;align-items:stretch!important\"],\"cssable\":true}","{\"selector\":\"[data-gtm-label=\\\"threadGridView\\\"] > [class^=\\\"ThreadGridItemWrapper__CardCol\\\"]\",\"action\":[\"style\",\"grid-column:1/-1!important;width:auto!important;max-width:none!important;min-width:0!important;justify-self:stretch!important;box-sizing:border-box!important\"],\"cssable\":true}","{\"selector\":\"[data-gtm-label=\\\"threadGridView\\\"] > [class^=\\\"ThreadGridItemWrapper__CardCol\\\"] > [class^=\\\"ThreadGridItemWrapper__CardWrapper\\\"]\",\"action\":[\"style\",\"width:100%!important;max-width:100%!important;min-width:0!important;box-sizing:border-box!important;margin:0!important;padding-left:0!important;padding-right:0!important;transform:none!important;left:auto!important;right:auto!important;top:auto!important\"],\"cssable\":true}","{\"selector\":\"[data-gtm-label=\\\"threadGridView\\\"] > [class^=\\\"ThreadGridItemWrapper__CardCol\\\"] > [class^=\\\"ThreadGridItemWrapper__CardWrapper\\\"] > *\",\"action\":[\"style\",\"position:static!important;transform:none!important;left:auto!important;right:auto!important;width:100%!important;max-width:100%!important;min-width:0!important;box-sizing:border-box!important;white-space:normal!important;overflow-wrap:anywhere!important;word-break:break-word!important\"],\"cssable\":true}","{\"selector\":\"[data-gtm-label=\\\"threadGridView\\\"] > [class^=\\\"ThreadGridItemWrapper__CardCol\\\"] > [class^=\\\"ThreadGridItemWrapper__CardWrapper\\\"]\",\"action\":[\"style\",\"border-right: none !important\"],\"cssable\":true}","{\"selector\":\".breaking-news-container\",\"tasks\":[[\"has-text\",\"mainos:\"]]}","{\"selector\":\".breaking-news-container\",\"action\":[\"style\",\"display: flex !important\"],\"tasks\":[[\"not\",{\"selector\":\"\",\"tasks\":[[\"has-text\",\"mainos:\"]]}]]}","{\"selector\":\".avod-web-player-csai\",\"action\":[\"remove\",\"\"]}","{\"selector\":\".avod-web-player-skin > #skin-wrapper > div > div\",\"tasks\":[[\"has-text\",\"Mainos\"]]}","{\"selector\":\"body.noImages .content img\",\"action\":[\"style\",\"display: inline-block !important\"],\"cssable\":true}","{\"selector\":\"article[class=\\\"list bg-positive w-full mb-16\\\"]\",\"tasks\":[[\"has-text\",\"Mainos\"]]}","{\"selector\":\"div[class|=\\\"ab-test-laneitem\\\"]\",\"tasks\":[[\"has\",{\"selector\":\".list__heading\",\"tasks\":[[\"has-text\",\"Mainos\"]]}]]}","{\"selector\":\".views-element-container\",\"tasks\":[[\"has-text\",\"Annonsnytt\"]]}","{\"selector\":\".article__body > p\",\"tasks\":[[\"has-text\",\"/^\\\\xA0$/\"]]}","{\"selector\":\"section:not(section[id], section[class])\",\"tasks\":[[\"has-text\",\"Mainos\"]]}","{\"selector\":\".red-the-latest-issue\",\"tasks\":[[\"has-text\",\"Kaupallinen yhteistyö\"]]}","{\"selector\":\"div.node-extra\",\"tasks\":[[\"has-text\",\"Mainos\"]]}","{\"selector\":\"li.block-row\",\"tasks\":[[\"has-text\",\"Mainos\"]]}","{\"selector\":\".widget_text\",\"tasks\":[[\"has-text\",\"Mainos\"]]}","{\"selector\":\"a[class^=\\\"ContentCard__Card-\\\"]\",\"tasks\":[[\"has-text\",\"Mainos: \"]]}","{\"selector\":\"div[class^=\\\"EmbeddedArticle__Container\\\"]\",\"tasks\":[[\"has\",{\"selector\":\".category\",\"tasks\":[[\"has-text\",\"Mainos:\"]]}]]}","{\"selector\":\"div[class^=\\\"StripeBannerBlock__StripeBannerContainer\\\"]\",\"tasks\":[[\"has-text\",\"Mainos:\"]]}","{\"selector\":\".luelisaa > .solu\",\"tasks\":[[\"has-text\",\"Kaupallinen yhteistyö\"]]}","{\"selector\":\"[href]\",\"tasks\":[[\"has-text\",\"LeoVegas\"]]}","{\"selector\":\"div[class] > div[id^=\\\"sas_\\\"] + div\",\"tasks\":[[\"has-text\",\"Mainos\"]]}","{\"selector\":\"[role=\\\"feed\\\"] [data-pagelet^=\\\"FeedUnit_\\\"]\",\"tasks\":[[\"has\",{\"selector\":\"div[class][role=\\\"button\\\"][tabindex]\",\"tasks\":[[\"has-text\",\"Sponsoroitu\"]]}]]}","{\"selector\":\"div[data-pagelet^=\\\"FeedUnit_\\\"] a[aria-label]\",\"tasks\":[[\"has-text\",\"Sponsoroitu\"]]}","{\"selector\":\"span#ssrb_feed_start + div > div[class]\",\"tasks\":[[\"has\",{\"selector\":\"span[class][dir=\\\"auto\\\"] > span[id]\",\"tasks\":[[\"has-text\",\"Sponsoroitu\"]]}]]}","{\"selector\":\".elementor-widget-divider.elementor-widget.elementor-widget-divider--element-align-center.elementor-widget-divider--view-line_text.elementor-element\",\"tasks\":[[\"has-text\",\"Mainos\"]]}","{\"selector\":\"article.areview\",\"tasks\":[[\"has-text\",\"Sponsoroitua sisältöä\"]]}","{\"selector\":\".td_block_wrap.td_block_text_with_title\",\"tasks\":[[\"has-text\",\"/kasino/i\"]]}","{\"selector\":\".box\",\"tasks\":[[\"has-text\",\"Mainos:\"]]}","{\"selector\":\".wall-item__container\",\"tasks\":[[\"has-text\",\"Mainos\"]]}","{\"selector\":\"div[class=\\\"wpb_wrapper\\\"][style^=\\\"width: 324px;\\\"] > div[data-td-block-uid]\",\"tasks\":[[\"has-text\",\"PELIT\"]]}","{\"selector\":\"article > .main-link\",\"tasks\":[[\"has\",{\"selector\":\".source\",\"tasks\":[[\"has-text\",\"sponsoroitu\"]]}]]}","{\"selector\":\".embedded\",\"tasks\":[[\"has-text\",\"Markkinapaikka\"]]}","{\"selector\":\".col.article-card.item\",\"tasks\":[[\"has-text\",\"Kaupallinen yhteistyö, yhteistyössä\"]]}","{\"selector\":\"a[href^=\\\"/artikkeli-\\\"]\",\"tasks\":[[\"has-text\",\"MAINOS\"]]}","{\"selector\":\".ipsWidget\",\"tasks\":[[\"has-text\",\"(affiliatelinkki)\"]]}","{\"selector\":\"#huomiotekstiotsikko\",\"tasks\":[[\"has-text\",\"Mainos\"]]}","{\"selector\":\".wp-block-otavamedia-section-management\",\"tasks\":[[\"has-text\",\"Kaupallinen yhteistyö\"]]}","{\"selector\":\".widget_media_image\",\"tasks\":[[\"has-text\",\"– Mainos –\"]]}","{\"selector\":\".media-site__widget-container\",\"tasks\":[[\"has\",{\"selector\":\"* .media-widget__title\",\"tasks\":[[\"has-text\",\"Kaupallinen yhteistyö\"]]}]]}","{\"selector\":\".td-pb-span6\",\"tasks\":[[\"has-text\",\"Kaupallinen yhteistyö\"]]}","{\"selector\":\".card-container\",\"tasks\":[[\"has-text\",\"Mainos alkaa\"]]}","{\"selector\":\".row-container\",\"tasks\":[[\"has-text\",\"MAINOS\"]]}","{\"selector\":\"main\",\"tasks\":[[\"not\",{\"selector\":\"> h2\",\"tasks\":[[\"has-text\",\"Kumppanisisältöä\"]]}],[\"spath\",\" [class][data-test] ~ div[class]:has(> a[href^=\\\"https://www.kauppalehti.fi/kumppanisisallot/\\\"])\"]]}","{\"selector\":\"main\",\"tasks\":[[\"not\",{\"selector\":\"> h2\",\"tasks\":[[\"has-text\",\"Kumppanisisältöä\"]]}],[\"spath\",\" a[href^=\\\"https://www.kauppalehti.fi/kumppanisisallot/\\\"][target=\\\"_self\\\"]\"]]}","{\"selector\":\".post p\",\"tasks\":[[\"has-text\",\"Mainos:\"]]}","{\"selector\":\".post-item\",\"tasks\":[[\"has-text\",\"Kaupallinen yhteistyö\"]]}","{\"selector\":\"h3\",\"tasks\":[[\"has-text\",\"Kumppanit\"]]}","{\"selector\":\".text-center\",\"tasks\":[[\"has-text\",\"loadAd\"]]}","{\"selector\":\".ai-attributes\",\"tasks\":[[\"has-text\",\"Mainos\"]]}","{\"selector\":\".layout__article-area__text-content > p\",\"tasks\":[[\"has-text\",\"/^\\\\xA0$/\"]]}","{\"selector\":\".row .col-small-12.col-medium-12.col-large-12\",\"tasks\":[[\"has-text\",\"Mainos:\"]]}","{\"selector\":\"body > .container:not(.mb-5, :has(.mb-5))\",\"tasks\":[[\"has-text\",\"Mainos\"]]}","{\"selector\":\"p.text-center\",\"tasks\":[[\"has-text\",\"Mainos\"]]}","{\"selector\":\"p.text-center\",\"tasks\":[[\"has-text\",\"laina\"]]}","{\"selector\":\".flights.type-provider\",\"tasks\":[[\"has-text\",\"Mainos\"]]}","{\"selector\":\"article\",\"tasks\":[[\"has\",{\"selector\":\"> * header > * span\",\"tasks\":[[\"has-text\",\"Sponsoroitu\"]]}]]}","{\"selector\":\"div[class^=\\\"transitionSlot__component\\\"][class*=\\\"layout__container\\\"]\",\"tasks\":[[\"has-text\",\"MAINOS\"]]}","{\"selector\":\".commercial__content\",\"tasks\":[[\"has-text\",\"Kumppanilta\"]]}","{\"selector\":\".fullarticle\",\"tasks\":[[\"has-text\",\"Sponsoroitu\"]]}","{\"selector\":\".fullarticle\",\"tasks\":[[\"has-text\",\"src=\\\"https://mobiili.fi/aaa.png\\\"\"]]}","{\"selector\":\"div[style=\\\"float:left; width:100%; text-align:center; padding:0px; margin-bottom:17px;\\\"]\",\"tasks\":[[\"has-text\",\"MAINOS\"]]}","{\"selector\":\"p\",\"tasks\":[[\"has\",{\"selector\":\"small\",\"tasks\":[[\"has-text\",\"Mainos:\"]]}]]}","{\"selector\":\"article.grid__item_md-1-5.grid__item_1\",\"tasks\":[[\"has-text\",\"Mainos\"]]}","{\"selector\":\".entry-content > h3\",\"tasks\":[[\"has-text\",\"kasino\"]]}","{\"selector\":\"[class|=\\\"featured-post\\\"]\",\"tasks\":[[\"has-text\",\"/rahapeli|kasino/i\"],[\"spath\",\":has(a[href*=\\\"/202\\\"])\"]]}","{\"selector\":\".block-block-content\",\"tasks\":[[\"has-text\",\"Jatkuu mainoksen alla\"]]}","{\"selector\":\"fieldset\",\"tasks\":[[\"has-text\",\"Poista mainos\"]]}","{\"selector\":\".social-media-links + p\",\"tasks\":[[\"has-text\",\"/^ $/\"],[\"spath\",\":has(+ div[data-ad-unit-id])\"]]}","{\"selector\":\"#mainos .otsikko\",\"tasks\":[[\"has-text\",\"Lue myös\"],[\"spath\",\" + div ~ *\"]]}","{\"selector\":\"section[class=\\\"entry-body\\\"] > p\",\"tasks\":[[\"has-text\",\"/^\\\\xA0$/\"]]}","{\"selector\":\".st-banneri-view\",\"tasks\":[[\"has-text\",\"Mainos:\"],[\"spath\",\" > div\"]]}","{\"selector\":\"p > em > strong\",\"tasks\":[[\"has-text\",\"Kaupallinen yhteistyö:\"]]}","{\"selector\":\".container.middle p\",\"tasks\":[[\"has-text\",\"/^\\\\xA0$/\"]]}","{\"selector\":\"tr\",\"tasks\":[[\"has\",{\"selector\":\"+ tr:has(script)\"}]]}","{\"selector\":\"div[style=\\\"padding-bottom:10px;border-bottom:1px solid gray;margin-bottom:6px;\\\"]\",\"tasks\":[[\"has-text\",\"Mainos:\"]]}","{\"selector\":\"div[style=\\\"padding-bottom:10px;margin-bottom:6px;border-top:1px solid gray;margin-top:6px;\\\"]\",\"tasks\":[[\"has\",{\"selector\":\"+ [style=\\\"font-size:14px;line-height:21px;padding-top:6px;\\\"]\",\"tasks\":[[\"has-text\",\"MAINOS\"]]}]]}","{\"selector\":\"div[style=\\\"padding-bottom:10px;margin-bottom:6px;border-top:1px solid gray;margin-top:6px;\\\"]\",\"tasks\":[[\"has-text\",\"MAINOS\"]]}","{\"selector\":\"tr\",\"tasks\":[[\"has-text\",\".loadAd\"]]}","{\"selector\":\"aside.widget_text\",\"tasks\":[[\"has-text\",\"MAINOS\"]]}","{\"selector\":\".clearfloats.content__body > p\",\"tasks\":[[\"has-text\",\"/^\\\\xA0$/\"]]}","{\"selector\":\".posts-listing-list-alt-b\",\"tasks\":[[\"has-text\",\"Artikkeleita kumppaneilta\"]]}","{\"selector\":\"[id|=\\\"podcasti\\\"]\",\"tasks\":[[\"has-text\",\"Kaupallinen Yhteistyö\"]]}","{\"selector\":\"li\",\"tasks\":[[\"has-text\",\"MAINOS\"]]}","{\"selector\":\".article-body > div[class]\",\"tasks\":[[\"has\",{\"selector\":\"> span\",\"tasks\":[[\"has-text\",\"KAUPALLINEN YHTEISTYÖ\"],[\"spath\",\" + a[href^=\\\"https://koulutus.almatalent.fi/\\\"]\"]]}]]}","{\"selector\":\"div#skyscraper-height-div > aside > div > div > a\",\"tasks\":[[\"has-text\",\"Kaupallinen yhteistyö\"]]}","{\"selector\":\"div#skyscraper-height-div > section > div > a\",\"tasks\":[[\"has-text\",\"Kaupallinen yhteistyö\"]]}","{\"selector\":\".ch\",\"tasks\":[[\"has-text\",\"/SP(O|0)NSOROITU/\"]]}","{\"selector\":\".ch\",\"tasks\":[[\"has-text\",\"/SPON|SPONS|SPONSO|SPONSOR|SPONSORO|SPONSOROI|SPONSOROIT|SPONSOROITU/\"]]}","{\"selector\":\"div[class^=\\\"PageElementFeedItem__Container\\\"]\",\"tasks\":[[\"has-text\",\"Mainos\"]]}","{\"selector\":\"div[class^=\\\"transitionSlot__component\\\"][class*=\\\"layout__container\\\"]\",\"tasks\":[[\"has-text\",\"KAUPALLINEN YHTEISTYÖ\"]]}","{\"selector\":\"#cnt_lista tr\",\"tasks\":[[\"has-text\",\"/^\\\\s$/\"],[\"has\",{\"selector\":\"+ tr:has(.mainosinline)\"}]]}","{\"selector\":\"a[href^=\\\"https://koulutus.almatalent.fi/\\\"] + section\",\"tasks\":[[\"has-text\",\"KAUPALLINEN YHTEISTYÖ\"]]}","{\"selector\":\"aside\",\"tasks\":[[\"has\",{\"selector\":\"> div > span\",\"tasks\":[[\"has-text\",\"KAUPALLINEN YHTEISTYÖ\"]]}]]}","{\"selector\":\"div#skyscraper-height-div > aside > div > section > div\",\"tasks\":[[\"has-text\",\"KAUPALLINEN YHTEISTYÖ\"]]}","{\"selector\":\"div#skyscraper-height-div > div > aside > div > section > div\",\"tasks\":[[\"has-text\",\"KAUPALLINEN YHTEISTYÖ\"]]}","{\"selector\":\"div#skyscraper-height-div > section > div > a > div\",\"tasks\":[[\"has-text\",\"Kaupallinen yhteistyö\"]]}","{\"selector\":\".banner-group-header\",\"tasks\":[[\"has-text\",\"Mainos\"]]}","{\"selector\":\".tsv3-c-common-elementcollection\",\"tasks\":[[\"has-text\",\"/yhteistyö[\\\\u00AD]kumppanimme artikkelit/\"]]}","{\"selector\":\".tsv3-c-common-elementlist--layout-mobiili_etusivu\",\"tasks\":[[\"has-text\",\"/yhteistyö[\\\\u00AD]kumppanimme artikkelit/\"]]}","{\"selector\":\".tdc-row.stretch_row_1400.td-stretch-content\",\"tasks\":[[\"has-text\",\"MAINOS:\"]]}","{\"selector\":\".elementor-widget-container\",\"tasks\":[[\"has-text\",\"MAINOS\"]]}","{\"selector\":\".lazyload-wrapper + section\",\"tasks\":[[\"has-text\",\"Kaupallinen yhteistyö\"]]}","{\"selector\":\"div#skyscraper-height-div > div > aside > section > a\",\"tasks\":[[\"has-text\",\"Kaupallinen yhteistyö\"]]}","{\"selector\":\"div#skyscraper-height-div > div > main > div > a\",\"tasks\":[[\"has-text\",\"Kaupallinen yhteistyö\"]]}","{\"selector\":\"h4\",\"tasks\":[[\"has-text\",\"MAINOS\"]]}","{\"selector\":\"hr + h4\",\"tasks\":[[\"has-text\",\"MAINOS\"],[\"spath\",\" ~ hr\"]]}","{\"selector\":\"article.featured-post\",\"tasks\":[[\"has-text\",\"Mainos\"]]}","{\"selector\":\".widget--side\",\"tasks\":[[\"has-text\",\"Mainos\"]]}","{\"selector\":\"aside > section\",\"tasks\":[[\"has-text\",\"Kaupallinen yhteistyö\"]]}","{\"selector\":\"body:not(.is-style-kumppanisisallot) main > div[class]\",\"tasks\":[[\"has-text\",\"Kaupallinen yhteistyö\"]]}","{\"selector\":\".widget\",\"tasks\":[[\"has-text\",\"/^Mainos$/\"]]}","{\"selector\":\".card .recommendation\",\"tasks\":[[\"has-text\",\"Kaupallinen yhteistyö\"]]}","{\"selector\":\".related-articles-list > .link-container\",\"tasks\":[[\"has-text\",\"/^Kaupallinen yhteistyö/\"]]}","{\"selector\":\"a.small-article\",\"tasks\":[[\"has-text\",\"Kaupallinen yhteistyö\"]]}","{\"selector\":\"div.card\",\"tasks\":[[\"has-text\",\"Mainos:\"]]}","{\"selector\":\"div.fp-container.card\",\"tasks\":[[\"has-text\",\"Kaupallinen yhteistyö\"]]}","{\"selector\":\"div.is-visible.LazyLoad\",\"tasks\":[[\"has-text\",\"kaupallinen yhteistyö\"]]}","{\"selector\":\"div[class=\\\"card \\\"]\",\"tasks\":[[\"has\",{\"selector\":\"> .block > div[class=\\\"content-router-wrapper\\\"]\",\"tasks\":[[\"has-text\",\"kaupallinen yhteistyö\"]]}]]}","{\"selector\":\".category-list\",\"tasks\":[[\"has\",{\"selector\":\"[class$=\\\"-article\\\"]\",\"tasks\":[[\"not\",{\"selector\":\"\",\"tasks\":[[\"has-text\",\"Kaupallinen yhteistyö\"]]}]]}],[\"spath\",\" [class$=\\\"-article\\\"]\"],[\"has-text\",\"Kaupallinen yhteistyö\"]]}","{\"selector\":\".article-list\",\"tasks\":[[\"has\",{\"selector\":\".article-container\",\"tasks\":[[\"not\",{\"selector\":\"\",\"tasks\":[[\"has-text\",\"Kaupallinen yhteistyö\"]]}]]}],[\"spath\",\" .article-container\"],[\"has-text\",\"Kaupallinen yhteistyö\"]]}"],"selectorLists":["0,1,2","3","4","5","6","7,8","10,11,9","10,11,53,9","10,11,71,9","12,144,145,146,147,148,149,150,151,152","-15,13","15,68,69","16","17,18,19,91,92,93,94","20,96,97","21,22","23,24","25","26","114,115,27","116,117,118,27","28","29,30,31,32,33","-35,34,35,73","36,37","38,95","39,40","41","42","43","44","45,46","47","48,49,50","51,52","54,55,56","57","58","59","60","61","62","63","64","65","66","67","70","72","74","75,76","77,78,79","80","81","82,83","83","84,85,86","87","88","89","90","98","99","100","101","102","103,104","105","106,107,108,109,110","111","112","113","119,120","121,122","123","124,125,126,127,128","129","130,131","132","133","134,135,136","137,138","139","140","141,142","143"],"selectorListRefs":[43,77,2,39,40,60,24,69,81,0,33,42,15,75,28,65,72,73,1,3,8,7,18,32,34,13,16,21,30,1,4,11,26,14,67,68,26,29,35,38,41,44,9,10,12,63,76,80,7,36,5,51,52,54,6,24,26,85,31,37,6,26,23,50,28,56,58,61,6,6,19,78,22,59,25,71,74,79,83,46,7,47,26,32,6,26,66,82,84,6,62,6,26,26,27,26,64,26,6,70,20,6,7,26,17,7,26,48,57,53,45,26,55,49],"hostnames":["hs.fi","ts.fi","etn.fi","glu.fi","gti.fi","mma.fi","mtv.fi","sss.fi","vau.fi","dawn.fi","eeva.fi","high.fi","nyan.ax","tivi.fi","alibi.fi","seura.fi","telsu.fi","terve.fi","edukas.fi","finder.fi","kaleva.fi","komiat.fi","seiska.fi","edgeski.fi","elmotv.com","mobiili.fi","proshop.fi","tiketti.fi","autobild.fi","download.fi","finnkino.fi","kaksplus.fi","kmvlehti.fi","mvlehti.net","soppa365.fi","sportti.com","aamulehti.fi","assembly.org","facebook.com","gekkonen.net","hardelli.com","huonoaiti.fi","iltalehti.fi","kaaoszine.fi","kotiliesi.fi","pelaajat.com","totalvene.fi","uusisuomi.fi","viiskunta.fi","fuengirola.fi","golfpiste.com","koeajolle.com","kohokohta.com","koneviesti.fi","lapinkansa.fi","mtvuutiset.fi","suurkeuruu.fi","ykkoslohja.fi","bbs.io-tech.fi","gamereactor.fi","iijokiseutu.fi","jamsanseutu.fi","karjalainen.fi","kauppalehti.fi","koululainen.fi","kuka-soitti.fi","m.facebook.com","nettitrendi.fi","raahenseutu.fi","rantalakeus.fi","talouselama.fi","tyyliniekka.fi","www.suomi24.fi","meillakotona.fi","muropaketti.com","suomimobiili.fi","tilannehuone.fi","ulvilanseutu.fi","viisitahtea.com","juoksufoorumi.fi","jurvansanomat.fi","kalastuslehti.fi","nokianuutiset.fi","pottupellossa.fi","pyhajokiseutu.fi","rannikkoseutu.fi","sijoitustieto.fi","verkkouutiset.fi","www.uusisuomi.fi","koillissanomat.fi","opensubtitles.org","pohjoisenpolut.fi","sydansatakunta.fi","tyrvaansanomat.fi","alandstidningen.ax","merikarvialehti.fi","pienimatkaopas.com","satakunnankansa.fi","siikajokilaakso.fi","suomenkuvalehti.fi","tekniikkatalous.fi","ilkkapohjalainen.fi","jarviseutu-lehti.fi","kankaanpaanseutu.fi","puhelinvertailu.com","suupohjansanomat.fi","janakkalansanomat.fi","kangasalansanomat.fi","lennot.rantapallo.fi","kokemaenjokilaakso.fi","jp-kunnallissanomat.fi","valkeakoskensanomat.fi","maaseuduntulevaisuus.fi","kaukokaipuumatkablogi.net"],"hasEntities":false}