{"selectors":["{\"selector\":\"main::before\",\"action\":[\"style\",\"content: 'uBlock is unrelated to the well-known uBlock Origin.' !important; font-size: 32px !important; color: red !important; font-weight: bold !important;\"],\"cssable\":true}","{\"selector\":\"div.hero-unit > div.search-box--hero-unit::before\",\"action\":[\"style\",\"content: 'uBlock is unrelated to the well-known uBlock Origin.' !important; font-size: var(--font-size-h2) !important; color: red !important; font-weight: bold !important;\"],\"cssable\":true}","{\"selector\":\".entry-content > div > strong\",\"tasks\":[[\"has-text\",\"find & fix Windows error\"]]}","{\"selector\":\".attention-button-wrap\",\"tasks\":[[\"has-text\",\"Reimage\"]]}","{\"selector\":\"th\",\"tasks\":[[\"has-text\",\"/^Detection$/\"]]}","{\"selector\":\"th\",\"tasks\":[[\"has-text\",\"/^Detection$/\"],[\"spath\",\" + td\"]]}","{\"selector\":\".nfc-bottom-right\",\"tasks\":[[\"has-text\",\"Reimage\"]]}","{\"selector\":\"a\",\"tasks\":[[\"has-text\",\"Reimage\"]]}","{\"selector\":\".entry-content > div\",\"tasks\":[[\"has-text\",\"Special Offer\"]]}","{\"selector\":\"#alt_content_main_div > p\",\"tasks\":[[\"has-text\",\"SpyHunter\"]]}","{\"selector\":\"a\",\"tasks\":[[\"has-text\",\"SpyHunter\"]]}"],"selectorLists":["0","-1,1","2","10,3,4,5,6,7","8,9"],"selectorListRefs":[3,3,3,3,3,3,0,3,3,3,3,3,3,3,3,3,3,3,3,3,3,3,3,3,4,3,3,1,2],"hostnames":["avirus.hu","uirusu.jp","virusi.bg","virusi.hr","bedynet.ru","novirus.uk","ublock.org","virusai.lt","viruset.no","dieviren.de","lesvirus.fr","losvirus.es","semvirus.pt","viirused.ee","virukset.fi","wubingdu.cn","faravirus.ro","udenvirus.dk","utanvirus.se","2-spyware.com","senzavirus.it","usunwirusa.pl","zondervirus.nl","virusler.info.tr","howtoremove.guide","odstranitvirus.cz","tanpavirus.web.id","support.ublock.org","thewindowsclub.com"],"hasEntities":false}