[
 {
  "id": "ublock-filters",
  "name": "uBlock filters – Ads, trackers, and more",
  "group": "default",
  "enabled": true,
  "homeURL": "https://github.com/uBlockOrigin/uAssets",
  "filters": {
   "total": 9447,
   "accepted": 9425,
   "rejected": 1
  },
  "rules": {
   "total": 5725,
   "plain": 4573,
   "regex": 175,
   "strictblock": 23,
   "urlskip": 190,
   "rejected": 786
  },
  "css": {
   "generic": 311,
   "generichigh": 74,
   "specific": 4280,
   "procedural": 1692
  }
 },
 {
  "id": "easylist",
  "name": "EasyList",
  "group": "default",
  "enabled": true,
  "homeURL": "https://easylist.to/",
  "filters": {
   "total": 54836,
   "accepted": 54804,
   "rejected": 19
  },
  "rules": {
   "total": 3593,
   "plain": 3567,
   "regex": 19,
   "strictblock": 17,
   "urlskip": 0,
   "rejected": 7
  },
  "css": {
   "generic": 4156,
   "generichigh": 422,
   "specific": 7700,
   "procedural": 219
  },
  "scriptlets": 0
 },
 {
  "id": "easyprivacy",
  "name": "EasyPrivacy",
  "group": "default",
  "enabled": true,
  "homeURL": "https://easylist.to/",
  "filters": {
   "total": 54657,
   "accepted": 54624,
   "rejected": 32
  },
  "rules": {
   "total": 8436,
   "plain": 8428,
   "regex": 7,
   "strictblock": 1,
   "urlskip": 0,
   "rejected": 1
  },
  "css": {
   "generic": 2,
   "generichigh": 0,
   "specific": 0,
   "procedural": 4
  }
 },
 {
  "id": "pgl",
  "name": "Peter Lowe – Ads, trackers, and more",
  "group": "default",
  "enabled": true,
  "homeURL": "https://pgl.yoyo.org/adservers/",
  "filters": {
   "total": 3485,
   "accepted": 3404,
   "rejected": 81
  },
  "rules": {
   "total": 1,
   "plain": 1,
   "regex": 0,
   "strictblock": 1,
   "urlskip": 0,
   "rejected": 0
  },
  "css": {
   "generic": 0,
   "generichigh": 0,
   "specific": 0,
   "procedural": 0
  },
  "scriptlets": 0
 },
 {
  "id": "ublock-badware",
  "name": "uBlock filters – Badware risks",
  "group": "malware",
  "enabled": true,
  "homeURL": "https://github.com/uBlockOrigin/uAssets",
  "filters": {
   "total": 10407,
   "accepted": 10375,
   "rejected": 0
  },
  "rules": {
   "total": 1279,
   "plain": 1095,
   "regex": 131,
   "strictblock": 715,
   "urlskip": 0,
   "rejected": 53
  },
  "css": {
   "generic": 14,
   "generichigh": 0,
   "specific": 195,
   "procedural": 29
  }
 },
 {
  "id": "urlhaus-full",
  "name": "Malicious URL Blocklist",
  "group": "malware",
  "enabled": true,
  "homeURL": "https://gitlab.com/malware-filter/urlhaus-filter",
  "filters": {
   "total": 14350,
   "accepted": 14350,
   "rejected": 0
  },
  "rules": {
   "total": 1,
   "plain": 1,
   "regex": 0,
   "strictblock": 1,
   "urlskip": 0,
   "rejected": 0
  },
  "css": {
   "generic": 0,
   "generichigh": 0,
   "specific": 0,
   "procedural": 0
  },
  "scriptlets": 0
 },
 {
  "id": "adguard-mobile",
  "name": "AdGuard/uBO – Mobile Ads",
  "group": "ads",
  "enabled": false,
  "tags": "mobile",
  "homeURL": "https://github.com/AdguardTeam/AdguardFilters#adguard-filters",
  "filters": {
   "total": 1497,
   "accepted": 1493,
   "rejected": 4
  },
  "rules": {
   "total": 553,
   "plain": 542,
   "regex": 9,
   "strictblock": 1,
   "urlskip": 0,
   "rejected": 2
  },
  "css": {
   "generic": 33,
   "generichigh": 14,
   "specific": 4112,
   "procedural": 435
  }
 },
 {
  "id": "block-lan",
  "name": "Block Outsider Intrusion into LAN",
  "group": "privacy",
  "enabled": false,
  "homeURL": "https://github.com/uBlockOrigin/uAssets",
  "filters": {
   "total": 91,
   "accepted": 91,
   "rejected": 0
  },
  "rules": {
   "total": 18,
   "plain": 10,
   "regex": 8,
   "strictblock": 0,
   "urlskip": 0,
   "rejected": 0
  },
  "css": {
   "generic": 0,
   "generichigh": 0,
   "specific": 0,
   "procedural": 0
  },
  "scriptlets": 0
 },
 {
  "id": "dpollock-0",
  "name": "Dan Pollock’s hosts file",
  "enabled": false,
  "homeURL": "https://someonewhocares.org/hosts/",
  "filters": {
   "total": 11762,
   "accepted": 11752,
   "rejected": 10
  },
  "rules": {
   "total": 1,
   "plain": 1,
   "regex": 0,
   "strictblock": 1,
   "urlskip": 0,
   "rejected": 0
  },
  "css": {
   "generic": 0,
   "generichigh": 0,
   "specific": 0,
   "procedural": 0
  },
  "scriptlets": 0
 },
 {
  "id": "adguard-spyware-url",
  "name": "AdGuard URL Tracking Protection",
  "group": "privacy",
  "enabled": false,
  "homeURL": "https://github.com/AdguardTeam/AdguardFilters#adguard-filters",
  "filters": {
   "total": 2379,
   "accepted": 2363,
   "rejected": 0
  },
  "rules": {
   "total": 787,
   "plain": 663,
   "regex": 0,
   "strictblock": 0,
   "urlskip": 0,
   "rejected": 124
  },
  "css": {
   "generic": 0,
   "generichigh": 0,
   "specific": 3,
   "procedural": 0
  },
  "scriptlets": 0
 },
 {
  "id": "annoyances-cookies",
  "name": "EasyList/uBO – Cookie Notices",
  "group": "annoyances",
  "enabled": false,
  "homeURL": "https://github.com/easylist/easylist#fanboy-lists",
  "filters": {
   "total": 2119,
   "accepted": 2118,
   "rejected": 0
  },
  "rules": {
   "total": 1768,
   "plain": 1766,
   "regex": 1,
   "strictblock": 1,
   "urlskip": 0,
   "rejected": 1
  },
  "css": {
   "generic": 4165,
   "generichigh": 167,
   "specific": 17513,
   "procedural": 2679
  }
 },
 {
  "id": "annoyances-overlays",
  "name": "EasyList/uBO – Overlay Notices",
  "group": "annoyances",
  "enabled": false,
  "homeURL": "https://github.com/easylist/easylist#fanboy-lists",
  "filters": {
   "total": 468,
   "accepted": 468,
   "rejected": 0
  },
  "rules": {
   "total": 350,
   "plain": 319,
   "regex": 0,
   "strictblock": 1,
   "urlskip": 2,
   "rejected": 29
  },
  "css": {
   "generic": 1016,
   "generichigh": 14,
   "specific": 5168,
   "procedural": 1216
  }
 },
 {
  "id": "annoyances-social",
  "name": "EasyList – Social Widgets",
  "group": "annoyances",
  "enabled": false,
  "homeURL": "https://github.com/easylist/easylist#fanboy-lists",
  "filters": {
   "total": 666,
   "accepted": 666,
   "rejected": 0
  },
  "rules": {
   "total": 593,
   "plain": 593,
   "regex": 0,
   "strictblock": 0,
   "urlskip": 0,
   "rejected": 0
  },
  "css": {
   "generic": 3743,
   "generichigh": 111,
   "specific": 4739,
   "procedural": 36
  }
 },
 {
  "id": "annoyances-widgets",
  "name": "EasyList – Chat Widgets",
  "group": "annoyances",
  "enabled": false,
  "homeURL": "https://github.com/easylist/easylist#fanboy-lists",
  "filters": {
   "total": 229,
   "accepted": 228,
   "rejected": 1
  },
  "rules": {
   "total": 59,
   "plain": 59,
   "regex": 0,
   "strictblock": 1,
   "urlskip": 0,
   "rejected": 0
  },
  "css": {
   "generic": 12,
   "generichigh": 1,
   "specific": 6,
   "procedural": 0
  },
  "scriptlets": 0
 },
 {
  "id": "annoyances-others",
  "name": "EasyList – Other Annoyances",
  "group": "annoyances",
  "enabled": false,
  "homeURL": "https://github.com/easylist/easylist#fanboy-lists",
  "filters": {
   "total": 739,
   "accepted": 739,
   "rejected": 0
  },
  "rules": {
   "total": 419,
   "plain": 419,
   "regex": 0,
   "strictblock": 1,
   "urlskip": 0,
   "rejected": 0
  },
  "css": {
   "generic": 706,
   "generichigh": 19,
   "specific": 2453,
   "procedural": 80
  }
 },
 {
  "id": "annoyances-notifications",
  "name": "EasyList – Notifications",
  "group": "annoyances",
  "enabled": false,
  "homeURL": "https://github.com/easylist/easylist#fanboy-lists",
  "filters": {
   "total": 474,
   "accepted": 473,
   "rejected": 1
  },
  "rules": {
   "total": 278,
   "plain": 278,
   "regex": 0,
   "strictblock": 1,
   "urlskip": 0,
   "rejected": 0
  },
  "css": {
   "generic": 260,
   "generichigh": 11,
   "specific": 1188,
   "procedural": 109
  }
 },
 {
  "id": "ublock-experimental",
  "name": "uBlock filters – Experimental",
  "enabled": false,
  "homeURL": "https://github.com/uBlockOrigin/uAssets",
  "filters": {
   "total": 0,
   "accepted": 0,
   "rejected": 0
  },
  "rules": {
   "total": 0,
   "plain": 0,
   "regex": 0,
   "strictblock": 0,
   "urlskip": 0,
   "rejected": 0
  },
  "css": {
   "generic": 0,
   "generichigh": 0,
   "specific": 0,
   "procedural": 0
  }
 },
 {
  "id": "stevenblack-hosts",
  "name": "Steven Black’s Unified Hosts (adware + malware)",
  "enabled": false,
  "homeURL": "https://github.com/StevenBlack/hosts#readme",
  "filters": {
   "total": 86673,
   "accepted": 86586,
   "rejected": 87
  },
  "rules": {
   "total": 2,
   "plain": 1,
   "regex": 0,
   "strictblock": 1,
   "urlskip": 0,
   "rejected": 1
  },
  "css": {
   "generic": 0,
   "generichigh": 0,
   "specific": 0,
   "procedural": 0
  },
  "scriptlets": 0
 },
 {
  "id": "ubol-tests",
  "name": "uBO Lite Test Filters",
  "enabled": false,
  "homeURL": "https://ublockorigin.github.io/uBOL-home/tests/test-filters.html",
  "filters": {
   "total": 10,
   "accepted": 10,
   "rejected": 0
  },
  "rules": {
   "total": 8,
   "plain": 7,
   "regex": 1,
   "strictblock": 0,
   "urlskip": 0,
   "rejected": 0
  },
  "css": {
   "generic": 3,
   "generichigh": 0,
   "specific": 2,
   "procedural": 2
  }
 },
 {
  "id": "alb-0",
  "name": "🇦🇱al 🇽🇰xk: Adblock List for Albania",
  "group": "regions",
  "enabled": false,
  "lang": "sq",
  "tags": "ads albania shqipja",
  "homeURL": "https://github.com/AnXh3L0/blocklist",
  "filters": {
   "total": 35,
   "accepted": 35,
   "rejected": 0
  },
  "rules": {
   "total": 32,
   "plain": 29,
   "regex": 0,
   "strictblock": 0,
   "urlskip": 0,
   "rejected": 3
  },
  "css": {
   "generic": 6,
   "generichigh": 0,
   "specific": 107,
   "procedural": 7
  },
  "scriptlets": 0
 },
 {
  "id": "bgr-0",
  "name": "🇧🇬bg: Bulgarian Adblock list",
  "group": "regions",
  "enabled": false,
  "lang": "bg mk",
  "tags": "ads bulgarian България macedonian Македонија",
  "homeURL": "https://stanev.org/abp/",
  "filters": {
   "total": 704,
   "accepted": 703,
   "rejected": 1
  },
  "rules": {
   "total": 695,
   "plain": 695,
   "regex": 0,
   "strictblock": 1,
   "urlskip": 0,
   "rejected": 0
  },
  "css": {
   "generic": 10,
   "generichigh": 0,
   "specific": 183,
   "procedural": 0
  },
  "scriptlets": 0
 },
 {
  "id": "chn-0",
  "name": "🇨🇳cn 🇹🇼tw: AdGuard Chinese (中文)",
  "group": "regions",
  "enabled": false,
  "lang": "ug zh",
  "tags": "ads chinese 中文",
  "homeURL": "https://github.com/AdguardTeam/AdguardFilters#adguard-filters",
  "filters": {
   "total": 15225,
   "accepted": 15203,
   "rejected": 7
  },
  "rules": {
   "total": 6631,
   "plain": 6588,
   "regex": 35,
   "strictblock": 3,
   "urlskip": 0,
   "rejected": 8
  },
  "css": {
   "generic": 891,
   "generichigh": 187,
   "specific": 3173,
   "procedural": 194
  }
 },
 {
  "id": "cze-0",
  "name": "🇨🇿cz 🇸🇰sk: EasyList Czech and Slovak",
  "group": "regions",
  "enabled": false,
  "lang": "cs sk",
  "tags": "ads czech česká slovak slovenská",
  "homeURL": "https://github.com/tomasko126/easylistczechandslovak",
  "filters": {
   "total": 251,
   "accepted": 250,
   "rejected": 1
  },
  "rules": {
   "total": 147,
   "plain": 142,
   "regex": 1,
   "strictblock": 2,
   "urlskip": 0,
   "rejected": 4
  },
  "css": {
   "generic": 53,
   "generichigh": 3,
   "specific": 212,
   "procedural": 35
  }
 },
 {
  "id": "deu-0",
  "name": "🇩🇪de 🇨🇭ch 🇦🇹at: EasyList Germany",
  "group": "regions",
  "enabled": false,
  "lang": "de dsb hsb lb rm",
  "tags": "ads german deutschland luxembourgish lëtzebuerg romansh",
  "homeURL": "https://forums.lanik.us/viewforum.php?f=90",
  "filters": {
   "total": 2308,
   "accepted": 2305,
   "rejected": 3
  },
  "rules": {
   "total": 1828,
   "plain": 1818,
   "regex": 4,
   "strictblock": 1,
   "urlskip": 0,
   "rejected": 6
  },
  "css": {
   "generic": 362,
   "generichigh": 35,
   "specific": 2074,
   "procedural": 78
  },
  "scriptlets": 0
 },
 {
  "id": "est-0",
  "name": "🇪🇪ee: Eesti saitidele kohandatud filter",
  "group": "regions",
  "enabled": false,
  "lang": "et",
  "homeURL": "https://github.com/sander85/uBO-et",
  "filters": {
   "total": 261,
   "accepted": 259,
   "rejected": 2
  },
  "rules": {
   "total": 73,
   "plain": 72,
   "regex": 0,
   "strictblock": 0,
   "urlskip": 0,
   "rejected": 1
  },
  "css": {
   "generic": 4,
   "generichigh": 7,
   "specific": 69,
   "procedural": 3
  }
 },
 {
  "id": "fin-0",
  "name": "🇫🇮fi: Adblock List for Finland",
  "group": "regions",
  "enabled": false,
  "lang": "fi",
  "tags": "ads finnish",
  "homeURL": "https://github.com/finnish-easylist-addition/finnish-easylist-addition",
  "filters": {
   "total": 203,
   "accepted": 203,
   "rejected": 0
  },
  "rules": {
   "total": 184,
   "plain": 181,
   "regex": 3,
   "strictblock": 0,
   "urlskip": 0,
   "rejected": 0
  },
  "css": {
   "generic": 61,
   "generichigh": 14,
   "specific": 541,
   "procedural": 114
  }
 },
 {
  "id": "fra-0",
  "name": "🇫🇷fr 🇨🇦ca: AdGuard Français",
  "group": "regions",
  "enabled": false,
  "lang": "ar br ff fr lb oc son",
  "tags": "ads french",
  "homeURL": "https://github.com/AdguardTeam/AdguardFilters#adguard-filters",
  "filters": {
   "total": 13551,
   "accepted": 13123,
   "rejected": 421
  },
  "rules": {
   "total": 4218,
   "plain": 4205,
   "regex": 2,
   "strictblock": 1,
   "urlskip": 0,
   "rejected": 11
  },
  "css": {
   "generic": 1403,
   "generichigh": 25,
   "specific": 1714,
   "procedural": 154
  }
 },
 {
  "id": "grc-0",
  "name": "🇬🇷gr 🇨🇾cy: Greek AdBlock Filter",
  "group": "regions",
  "enabled": false,
  "lang": "el",
  "tags": "ads greek",
  "homeURL": "https://github.com/kargig/greek-adblockplus-filter",
  "filters": {
   "total": 461,
   "accepted": 460,
   "rejected": 1
  },
  "rules": {
   "total": 432,
   "plain": 432,
   "regex": 0,
   "strictblock": 3,
   "urlskip": 0,
   "rejected": 0
  },
  "css": {
   "generic": 10,
   "generichigh": 5,
   "specific": 203,
   "procedural": 9
  }
 },
 {
  "id": "hrv-0",
  "name": "🇭🇷hr 🇷🇸rs: Dandelion Sprout's Serbo-Croatian filters",
  "group": "regions",
  "enabled": false,
  "lang": "bs hr sr",
  "tags": "ads croatian serbian bosnian",
  "homeURL": "https://github.com/DandelionSprout/adfilt#readme",
  "filters": {
   "total": 88,
   "accepted": 88,
   "rejected": 0
  },
  "rules": {
   "total": 74,
   "plain": 73,
   "regex": 1,
   "strictblock": 1,
   "urlskip": 0,
   "rejected": 0
  },
  "css": {
   "generic": 21,
   "generichigh": 1,
   "specific": 176,
   "procedural": 10
  }
 },
 {
  "id": "hun-0",
  "name": "🇭🇺hu: hufilter",
  "group": "regions",
  "enabled": false,
  "lang": "hu",
  "tags": "ads hungarian",
  "homeURL": "https://github.com/hufilter/hufilter",
  "filters": {
   "total": 410,
   "accepted": 408,
   "rejected": 1
  },
  "rules": {
   "total": 249,
   "plain": 248,
   "regex": 1,
   "strictblock": 1,
   "urlskip": 0,
   "rejected": 0
  },
  "css": {
   "generic": 58,
   "generichigh": 14,
   "specific": 517,
   "procedural": 55
  }
 },
 {
  "id": "idn-0",
  "name": "🇮🇩id 🇲🇾my: ABPindo",
  "group": "regions",
  "enabled": false,
  "lang": "id ms",
  "tags": "ads indonesian malay",
  "homeURL": "https://github.com/ABPindo/indonesianadblockrules",
  "filters": {
   "total": 4157,
   "accepted": 4157,
   "rejected": 0
  },
  "rules": {
   "total": 3125,
   "plain": 3123,
   "regex": 0,
   "strictblock": 1,
   "urlskip": 0,
   "rejected": 2
  },
  "css": {
   "generic": 370,
   "generichigh": 3813,
   "specific": 719,
   "procedural": 14
  }
 },
 {
  "id": "ind-0",
  "name": "🇮🇳in 🇱🇰lk 🇳🇵np: IndianList",
  "group": "regions",
  "enabled": false,
  "lang": "as bn gu hi kn ml mr ne pa si ta te",
  "tags": "ads assamese bengali gujarati hindi kannada malayalam marathi nepali punjabi sinhala tamil telugu",
  "homeURL": "https://github.com/mediumkreation/IndianList",
  "filters": {
   "total": 4751,
   "accepted": 4751,
   "rejected": 0
  },
  "rules": {
   "total": 4715,
   "plain": 4709,
   "regex": 0,
   "strictblock": 0,
   "urlskip": 0,
   "rejected": 6
  },
  "css": {
   "generic": 6,
   "generichigh": 0,
   "specific": 5342,
   "procedural": 140
  },
  "scriptlets": 0
 },
 {
  "id": "irn-0",
  "name": "🇮🇷ir: PersianBlocker",
  "group": "regions",
  "enabled": false,
  "lang": "fa ps tg",
  "tags": "ads af ir persian pashto tajik tj",
  "homeURL": "https://github.com/MasterKia/PersianBlocker",
  "filters": {
   "total": 1365,
   "accepted": 1337,
   "rejected": 1
  },
  "rules": {
   "total": 723,
   "plain": 700,
   "regex": 1,
   "strictblock": 3,
   "urlskip": 0,
   "rejected": 22
  },
  "css": {
   "generic": 47,
   "generichigh": 2,
   "specific": 492,
   "procedural": 189
  }
 },
 {
  "id": "isl-0",
  "name": "🇮🇸is: Icelandic ABP List",
  "group": "regions",
  "enabled": false,
  "lang": "is",
  "tags": "ads icelandic",
  "homeURL": "https://github.com/brave/adblock-lists/issues",
  "filters": {
   "total": 12,
   "accepted": 12,
   "rejected": 0
  },
  "rules": {
   "total": 12,
   "plain": 11,
   "regex": 0,
   "strictblock": 1,
   "urlskip": 0,
   "rejected": 1
  },
  "css": {
   "generic": 0,
   "generichigh": 0,
   "specific": 34,
   "procedural": 1
  },
  "scriptlets": 0
 },
 {
  "id": "isr-0",
  "name": "🇮🇱il: EasyList Hebrew",
  "group": "regions",
  "enabled": false,
  "lang": "he",
  "tags": "ads hebrew",
  "homeURL": "https://github.com/easylist/EasyListHebrew",
  "filters": {
   "total": 490,
   "accepted": 490,
   "rejected": 0
  },
  "rules": {
   "total": 264,
   "plain": 250,
   "regex": 4,
   "strictblock": 1,
   "urlskip": 0,
   "rejected": 10
  },
  "css": {
   "generic": 23,
   "generichigh": 0,
   "specific": 358,
   "procedural": 10
  }
 },
 {
  "id": "ita-0",
  "name": "🇮🇹it: EasyList Italy",
  "group": "regions",
  "enabled": false,
  "lang": "it lij",
  "tags": "ads italian",
  "homeURL": "https://forums.lanik.us/viewforum.php?f=96",
  "filters": {
   "total": 1156,
   "accepted": 1156,
   "rejected": 0
  },
  "rules": {
   "total": 1055,
   "plain": 1052,
   "regex": 3,
   "strictblock": 1,
   "urlskip": 0,
   "rejected": 0
  },
  "css": {
   "generic": 355,
   "generichigh": 54,
   "specific": 2780,
   "procedural": 24
  },
  "scriptlets": 0
 },
 {
  "id": "jpn-1",
  "name": "🇯🇵jp: AdGuard Japanese",
  "group": "regions",
  "enabled": false,
  "lang": "ja",
  "tags": "ads japanese 日本語",
  "homeURL": "https://github.com/AdguardTeam/AdguardFilters#adguard-filters",
  "filters": {
   "total": 2321,
   "accepted": 2321,
   "rejected": 0
  },
  "rules": {
   "total": 1724,
   "plain": 1689,
   "regex": 17,
   "strictblock": 231,
   "urlskip": 0,
   "rejected": 18
  },
  "css": {
   "generic": 192,
   "generichigh": 12,
   "specific": 5219,
   "procedural": 715
  }
 },
 {
  "id": "kor-1",
  "name": "🇰🇷kr: List-KR",
  "group": "regions",
  "enabled": false,
  "lang": "ko",
  "tags": "ads korean 한국어",
  "homeURL": "https://github.com/List-KR/List-KR#readme",
  "filters": {
   "total": 1557,
   "accepted": 1549,
   "rejected": 1
  },
  "rules": {
   "total": 1160,
   "plain": 936,
   "regex": 148,
   "strictblock": 10,
   "urlskip": 0,
   "rejected": 76
  },
  "css": {
   "generic": 39,
   "generichigh": 70,
   "specific": 934,
   "procedural": 247
  }
 },
 {
  "id": "ltu-0",
  "name": "🇱🇹lt: EasyList Lithuania",
  "group": "regions",
  "enabled": false,
  "lang": "lt",
  "tags": "ads lithuanian",
  "homeURL": "https://github.com/EasyList-Lithuania/easylist_lithuania",
  "filters": {
   "total": 567,
   "accepted": 567,
   "rejected": 0
  },
  "rules": {
   "total": 521,
   "plain": 519,
   "regex": 2,
   "strictblock": 1,
   "urlskip": 0,
   "rejected": 0
  },
  "css": {
   "generic": 4,
   "generichigh": 3,
   "specific": 324,
   "procedural": 15
  }
 },
 {
  "id": "lva-0",
  "name": "🇱🇻lv: Latvian List",
  "group": "regions",
  "enabled": false,
  "lang": "lv",
  "tags": "ads latvian",
  "homeURL": "https://github.com/Latvian-List/adblock-latvian",
  "filters": {
   "total": 196,
   "accepted": 196,
   "rejected": 0
  },
  "rules": {
   "total": 155,
   "plain": 155,
   "regex": 0,
   "strictblock": 1,
   "urlskip": 0,
   "rejected": 0
  },
  "css": {
   "generic": 5,
   "generichigh": 2,
   "specific": 78,
   "procedural": 8
  }
 },
 {
  "id": "mkd-0",
  "name": "🇲🇰mk: Macedonian adBlock Filters",
  "group": "regions",
  "enabled": false,
  "lang": "mk",
  "tags": "ads macedonian",
  "homeURL": "https://github.com/DeepSpaceHarbor/Macedonian-adBlock-Filters",
  "filters": {
   "total": 292,
   "accepted": 291,
   "rejected": 1
  },
  "rules": {
   "total": 161,
   "plain": 160,
   "regex": 0,
   "strictblock": 1,
   "urlskip": 0,
   "rejected": 1
  },
  "css": {
   "generic": 3,
   "generichigh": 1,
   "specific": 119,
   "procedural": 2
  },
  "scriptlets": 0
 },
 {
  "id": "nld-0",
  "name": "🇳🇱nl 🇧🇪be: AdGuard Dutch",
  "group": "regions",
  "enabled": false,
  "lang": "af fy nl",
  "tags": "ads afrikaans be belgië frisian dutch flemish nederlands netherlands nl sr suriname za",
  "homeURL": "https://github.com/AdguardTeam/AdguardFilters#adguard-filters",
  "filters": {
   "total": 568,
   "accepted": 566,
   "rejected": 0
  },
  "rules": {
   "total": 490,
   "plain": 489,
   "regex": 1,
   "strictblock": 1,
   "urlskip": 0,
   "rejected": 0
  },
  "css": {
   "generic": 68,
   "generichigh": 5,
   "specific": 975,
   "procedural": 81
  }
 },
 {
  "id": "nor-0",
  "name": "🇳🇴no 🇩🇰dk 🇮🇸is: Dandelion Sprouts nordiske filtre",
  "group": "regions",
  "enabled": false,
  "lang": "nb nn no da is",
  "tags": "ads norwegian danish icelandic",
  "homeURL": "https://github.com/DandelionSprout/adfilt",
  "filters": {
   "total": 3232,
   "accepted": 3227,
   "rejected": 0
  },
  "rules": {
   "total": 757,
   "plain": 695,
   "regex": 5,
   "strictblock": 78,
   "urlskip": 0,
   "rejected": 57
  },
  "css": {
   "generic": 248,
   "generichigh": 63,
   "specific": 732,
   "procedural": 194
  }
 },
 {
  "id": "pol-0",
  "name": "🇵🇱pl: Oficjalne Polskie Filtry do uBlocka Origin",
  "group": "regions",
  "enabled": false,
  "lang": "szl pl _",
  "tags": "ads polish polski",
  "homeURL": "https://github.com/MajkiIT/polish-ads-filter",
  "filters": {
   "total": 1208,
   "accepted": 1203,
   "rejected": 4
  },
  "rules": {
   "total": 862,
   "plain": 813,
   "regex": 40,
   "strictblock": 1,
   "urlskip": 0,
   "rejected": 9
  },
  "css": {
   "generic": 83,
   "generichigh": 56,
   "specific": 3416,
   "procedural": 266
  }
 },
 {
  "id": "rou-1",
  "name": "🇷🇴ro 🇲🇩md: Romanian Ad (ROad) Block List Light",
  "group": "regions",
  "enabled": false,
  "lang": "ro",
  "tags": "ads romanian română moldavian moldovenească молдовеняскэ",
  "homeURL": "https://github.com/tcptomato/ROad-Block",
  "filters": {
   "total": 550,
   "accepted": 549,
   "rejected": 0
  },
  "rules": {
   "total": 415,
   "plain": 407,
   "regex": 4,
   "strictblock": 5,
   "urlskip": 0,
   "rejected": 4
  },
  "css": {
   "generic": 13,
   "generichigh": 3,
   "specific": 444,
   "procedural": 70
  }
 },
 {
  "id": "rus-0",
  "name": "🇷🇺ru 🇺🇦ua 🇺🇿uz 🇰🇿kz: RU AdList",
  "group": "regions",
  "parent": "🇷🇺ru 🇺🇦ua 🇺🇿uz 🇰🇿kz: RU AdList",
  "enabled": false,
  "lang": "be kk tt ru uz",
  "tags": "ads belarusian беларуская kazakh tatar russian русский ukrainian українська uzbek uk",
  "homeURL": "https://forums.lanik.us/viewforum.php?f=102",
  "filters": {
   "total": 18769,
   "accepted": 18759,
   "rejected": 7
  },
  "rules": {
   "total": 5955,
   "plain": 5931,
   "regex": 18,
   "strictblock": 3,
   "urlskip": 0,
   "rejected": 6
  },
  "css": {
   "generic": 459,
   "generichigh": 605,
   "specific": 7499,
   "procedural": 1203
  }
 },
 {
  "id": "rus-1",
  "name": "🇷🇺ru 🇺🇦ua 🇺🇿uz 🇰🇿kz: RU AdList: Counters",
  "group": "regions",
  "parent": "🇷🇺ru 🇺🇦ua 🇺🇿uz 🇰🇿kz: RU AdList",
  "enabled": false,
  "tags": "ads belarusian беларуская kazakh tatar russian русский ukrainian українська uzbek be kk tt ru uk uz",
  "homeURL": "https://forums.lanik.us/viewforum.php?f=102",
  "filters": {
   "total": 1425,
   "accepted": 1424,
   "rejected": 1
  },
  "rules": {
   "total": 752,
   "plain": 724,
   "regex": 1,
   "strictblock": 1,
   "urlskip": 0,
   "rejected": 27
  },
  "css": {
   "generic": 3,
   "generichigh": 23,
   "specific": 52,
   "procedural": 53
  }
 },
 {
  "id": "spa-0",
  "name": "🇪🇸es 🇦🇷ar 🇲🇽mx 🇨🇴co: EasyList Spanish",
  "group": "regions",
  "enabled": false,
  "lang": "an ast ca cak es eu gl gn trs quz",
  "tags": "ads aragonese basque catalan spanish español galician guarani",
  "homeURL": "https://forums.lanik.us/viewforum.php?f=103",
  "filters": {
   "total": 711,
   "accepted": 710,
   "rejected": 1
  },
  "rules": {
   "total": 582,
   "plain": 574,
   "regex": 8,
   "strictblock": 1,
   "urlskip": 0,
   "rejected": 0
  },
  "css": {
   "generic": 236,
   "generichigh": 19,
   "specific": 1423,
   "procedural": 28
  },
  "scriptlets": 0
 },
 {
  "id": "spa-1",
  "name": "🇪🇸es 🇦🇷ar 🇧🇷br 🇵🇹pt: AdGuard Spanish/Portuguese",
  "group": "regions",
  "enabled": false,
  "lang": "an ast ca cak es eu gl gn trs pt quz",
  "tags": "ads aragonese basque catalan spanish español galician guarani portuguese português",
  "homeURL": "https://github.com/AdguardTeam/AdguardFilters#adguard-filters",
  "filters": {
   "total": 1227,
   "accepted": 1220,
   "rejected": 3
  },
  "rules": {
   "total": 889,
   "plain": 871,
   "regex": 5,
   "strictblock": 1,
   "urlskip": 0,
   "rejected": 13
  },
  "css": {
   "generic": 130,
   "generichigh": 4,
   "specific": 1752,
   "procedural": 253
  }
 },
 {
  "id": "svn-0",
  "name": "🇸🇮si: Slovenian List",
  "group": "regions",
  "enabled": false,
  "lang": "sl",
  "tags": "ads slovenian slovenski",
  "homeURL": "https://github.com/betterwebleon/slovenian-list",
  "filters": {
   "total": 130,
   "accepted": 130,
   "rejected": 0
  },
  "rules": {
   "total": 82,
   "plain": 82,
   "regex": 0,
   "strictblock": 1,
   "urlskip": 0,
   "rejected": 0
  },
  "css": {
   "generic": 4,
   "generichigh": 0,
   "specific": 150,
   "procedural": 2
  },
  "scriptlets": 0
 },
 {
  "id": "swe-1",
  "name": "🇸🇪se: Frellwit's Swedish Filter",
  "group": "regions",
  "enabled": false,
  "lang": "sv",
  "tags": "ads swedish svenska",
  "homeURL": "https://github.com/lassekongo83/Frellwits-filter-lists",
  "filters": {
   "total": 1754,
   "accepted": 1754,
   "rejected": 0
  },
  "rules": {
   "total": 1378,
   "plain": 1372,
   "regex": 1,
   "strictblock": 2,
   "urlskip": 0,
   "rejected": 5
  },
  "css": {
   "generic": 240,
   "generichigh": 52,
   "specific": 1471,
   "procedural": 466
  }
 },
 {
  "id": "tha-0",
  "name": "🇹🇭th: EasyList Thailand",
  "group": "regions",
  "enabled": false,
  "lang": "th",
  "tags": "ads thai ไทย",
  "homeURL": "https://github.com/easylist-thailand/easylist-thailand",
  "filters": {
   "total": 772,
   "accepted": 772,
   "rejected": 0
  },
  "rules": {
   "total": 762,
   "plain": 759,
   "regex": 2,
   "strictblock": 1,
   "urlskip": 0,
   "rejected": 1
  },
  "css": {
   "generic": 1,
   "generichigh": 5,
   "specific": 184,
   "procedural": 11
  }
 },
 {
  "id": "tur-0",
  "name": "🇹🇷tr: AdGuard Turkish",
  "group": "regions",
  "enabled": false,
  "lang": "tr",
  "tags": "ads turkish türkçe",
  "homeURL": "https://github.com/AdguardTeam/AdguardFilters#adguard-filters",
  "filters": {
   "total": 1546,
   "accepted": 1545,
   "rejected": 0
  },
  "rules": {
   "total": 1280,
   "plain": 1242,
   "regex": 17,
   "strictblock": 1,
   "urlskip": 0,
   "rejected": 21
  },
  "css": {
   "generic": 182,
   "generichigh": 61,
   "specific": 3672,
   "procedural": 663
  }
 },
 {
  "id": "ukr-0",
  "name": "🇺🇦ua: AdGuard Ukrainian",
  "group": "regions",
  "enabled": false,
  "lang": "uk",
  "tags": "ads ukraine україна",
  "homeURL": "https://github.com/AdguardTeam/AdguardFilters#adguard-filters",
  "filters": {
   "total": 3375,
   "accepted": 3374,
   "rejected": 0
  },
  "rules": {
   "total": 1438,
   "plain": 1417,
   "regex": 19,
   "strictblock": 2,
   "urlskip": 0,
   "rejected": 2
  },
  "css": {
   "generic": 567,
   "generichigh": 25,
   "specific": 1183,
   "procedural": 187
  }
 },
 {
  "id": "vie-1",
  "name": "🇻🇳vn: ABPVN List",
  "group": "regions",
  "enabled": false,
  "lang": "vi",
  "tags": "ads vietnamese việt",
  "homeURL": "https://abpvn.com/",
  "filters": {
   "total": 459,
   "accepted": 459,
   "rejected": 0
  },
  "rules": {
   "total": 330,
   "plain": 328,
   "regex": 2,
   "strictblock": 1,
   "urlskip": 0,
   "rejected": 0
  },
  "css": {
   "generic": 34,
   "generichigh": 6,
   "specific": 409,
   "procedural": 11
  }
 }
]
